{
  "id": "1509243",
  "name": "长桥 客户端",
  "font_family": "iconfont",
  "css_prefix_text": "LBIconFont_",
  "description": "",
  "glyphs": [
    {
      "icon_id": "21883087",
      "name": "tag_Unlisted",
      "font_class": "tag_Unlisted",
      "unicode": "e84b",
      "unicode_decimal": 59467
    },
    {
      "icon_id": "21882596",
      "name": "ic_setting2",
      "font_class": "ic_setting2",
      "unicode": "e63e",
      "unicode_decimal": 58942
    },
    {
      "icon_id": "21755773",
      "name": "ic_Make complaints",
      "font_class": "ic_Makecomplaints",
      "unicode": "e84a",
      "unicode_decimal": 59466
    },
    {
      "icon_id": "21710225",
      "name": "ic_out",
      "font_class": "ic_out",
      "unicode": "e848",
      "unicode_decimal": 59464
    },
    {
      "icon_id": "21710226",
      "name": "ic_live",
      "font_class": "ic_live",
      "unicode": "e849",
      "unicode_decimal": 59465
    },
    {
      "icon_id": "21674700",
      "name": "ic_listgraph",
      "font_class": "ic_listgraph",
      "unicode": "e609",
      "unicode_decimal": 58889
    },
    {
      "icon_id": "21674103",
      "name": "ic_listcheck",
      "font_class": "ic_listcheck",
      "unicode": "e60a",
      "unicode_decimal": 58890
    },
    {
      "icon_id": "21581205",
      "name": "页面底部长桥logo",
      "font_class": "yemiandibuchangqiaologo",
      "unicode": "e610",
      "unicode_decimal": 58896
    },
    {
      "icon_id": "21580961",
      "name": "earth11",
      "font_class": "earth11",
      "unicode": "e60e",
      "unicode_decimal": 58894
    },
    {
      "icon_id": "21483120",
      "name": "tag_live",
      "font_class": "tag_live",
      "unicode": "e847",
      "unicode_decimal": 59463
    },
    {
      "icon_id": "21375738",
      "name": "ic_photograph",
      "font_class": "ic_photograph",
      "unicode": "e608",
      "unicode_decimal": 58888
    },
    {
      "icon_id": "21375737",
      "name": "ic_shield",
      "font_class": "ic_shield",
      "unicode": "e607",
      "unicode_decimal": 58887
    },
    {
      "icon_id": "21360821",
      "name": "ic_pk_arrowdown",
      "font_class": "ic_pk_arrowdown",
      "unicode": "e63d",
      "unicode_decimal": 58941
    },
    {
      "icon_id": "21358524",
      "name": "ic_pk_arrow",
      "font_class": "ic_pk_arrow",
      "unicode": "e63c",
      "unicode_decimal": 58940
    },
    {
      "icon_id": "21274495",
      "name": "ic_share card",
      "font_class": "ic_sharecard",
      "unicode": "e846",
      "unicode_decimal": 59462
    },
    {
      "icon_id": "21255966",
      "name": "logo_longbridge2",
      "font_class": "logo_longbridge2",
      "unicode": "e844",
      "unicode_decimal": 59460
    },
    {
      "icon_id": "21255967",
      "name": "logo_longbridge1",
      "font_class": "logo_longbridge1",
      "unicode": "e845",
      "unicode_decimal": 59461
    },
    {
      "icon_id": "21240025",
      "name": "极速",
      "font_class": "jisu",
      "unicode": "e602",
      "unicode_decimal": 58882
    },
    {
      "icon_id": "21240026",
      "name": "安全",
      "font_class": "anquan",
      "unicode": "e603",
      "unicode_decimal": 58883
    },
    {
      "icon_id": "21240027",
      "name": "便捷",
      "font_class": "bianjie",
      "unicode": "e604",
      "unicode_decimal": 58884
    },
    {
      "icon_id": "21240028",
      "name": "免费",
      "font_class": "mianfei",
      "unicode": "e606",
      "unicode_decimal": 58886
    },
    {
      "icon_id": "21205218",
      "name": "ic_the public",
      "font_class": "ic_thepublic",
      "unicode": "e843",
      "unicode_decimal": 59459
    },
    {
      "icon_id": "21156796",
      "name": "chat-check-fill",
      "font_class": "chat-check-fill",
      "unicode": "e842",
      "unicode_decimal": 59458
    },
    {
      "icon_id": "21147920",
      "name": "ic_add dividing line",
      "font_class": "ic_adddividingline",
      "unicode": "e841",
      "unicode_decimal": 59457
    },
    {
      "icon_id": "21135667",
      "name": "ic_article ok",
      "font_class": "ic_articleok",
      "unicode": "e840",
      "unicode_decimal": 59456
    },
    {
      "icon_id": "21134712",
      "name": "ic_circle",
      "font_class": "ic_circle",
      "unicode": "e83f",
      "unicode_decimal": 59455
    },
    {
      "icon_id": "21133842",
      "name": "ic_strikethrough",
      "font_class": "ic_strikethrough",
      "unicode": "e83e",
      "unicode_decimal": 59454
    },
    {
      "icon_id": "21133122",
      "name": "ic_point",
      "font_class": "ic_point",
      "unicode": "e83d",
      "unicode_decimal": 59453
    },
    {
      "icon_id": "21132949",
      "name": "ic_align left and right",
      "font_class": "ic_alignleftandright",
      "unicode": "e83b",
      "unicode_decimal": 59451
    },
    {
      "icon_id": "21132950",
      "name": "ic_tabulation",
      "font_class": "ic_tabulation",
      "unicode": "e83c",
      "unicode_decimal": 59452
    },
    {
      "icon_id": "21123061",
      "name": "ic_anchor point",
      "font_class": "ic_anchorpoint",
      "unicode": "e63b",
      "unicode_decimal": 58939
    },
    {
      "icon_id": "21102213",
      "name": "ic_code",
      "font_class": "ic_code",
      "unicode": "e836",
      "unicode_decimal": 59446
    },
    {
      "icon_id": "21102214",
      "name": "ic_eraser",
      "font_class": "ic_eraser",
      "unicode": "e837",
      "unicode_decimal": 59447
    },
    {
      "icon_id": "21102215",
      "name": "ic_text_coler",
      "font_class": "ic_text_coler",
      "unicode": "e838",
      "unicode_decimal": 59448
    },
    {
      "icon_id": "21102216",
      "name": "ic_full screen",
      "font_class": "ic_fullscreen",
      "unicode": "e839",
      "unicode_decimal": 59449
    },
    {
      "icon_id": "21102217",
      "name": "ic_zoom out",
      "font_class": "ic_zoomout",
      "unicode": "e83a",
      "unicode_decimal": 59450
    },
    {
      "icon_id": "21100690",
      "name": "ic_dividend list",
      "font_class": "ic_dividendlist",
      "unicode": "e835",
      "unicode_decimal": 59445
    },
    {
      "icon_id": "21092274",
      "name": "ic_bank",
      "font_class": "ic_bank",
      "unicode": "e601",
      "unicode_decimal": 58881
    },
    {
      "icon_id": "21037936",
      "name": "ic_global_ask2",
      "font_class": "ic_global_ask2",
      "unicode": "e833",
      "unicode_decimal": 59443
    },
    {
      "icon_id": "21037937",
      "name": "ic_global_ask",
      "font_class": "ic_global_ask",
      "unicode": "e834",
      "unicode_decimal": 59444
    },
    {
      "icon_id": "21027422",
      "name": "ic_me_Invite Friends",
      "font_class": "ic_me_InviteFriends",
      "unicode": "e828",
      "unicode_decimal": 59432
    },
    {
      "icon_id": "21027423",
      "name": "ic_me_Activities",
      "font_class": "ic_me_Activities",
      "unicode": "e829",
      "unicode_decimal": 59433
    },
    {
      "icon_id": "21027424",
      "name": "ic_my earnings",
      "font_class": "ic_myearnings",
      "unicode": "e82a",
      "unicode_decimal": 59434
    },
    {
      "icon_id": "21027425",
      "name": "ic_me_Rewards Center",
      "font_class": "ic_me_RewardsCenter",
      "unicode": "e82b",
      "unicode_decimal": 59435
    },
    {
      "icon_id": "21027426",
      "name": "ic_me_help and customer serivce",
      "font_class": "ic_me_helpandcustomerserivce1",
      "unicode": "e82c",
      "unicode_decimal": 59436
    },
    {
      "icon_id": "21027427",
      "name": "ic_me_my rate",
      "font_class": "ic_me_myrate1",
      "unicode": "e82d",
      "unicode_decimal": 59437
    },
    {
      "icon_id": "21027428",
      "name": "ic_me_my stock quotes",
      "font_class": "ic_me_mystockquotes",
      "unicode": "e82e",
      "unicode_decimal": 59438
    },
    {
      "icon_id": "21027429",
      "name": "ic_me_scanning",
      "font_class": "ic_me_scanning1",
      "unicode": "e82f",
      "unicode_decimal": 59439
    },
    {
      "icon_id": "21027430",
      "name": "ic_me_dedicated account manager",
      "font_class": "ic_me_dedicatedaccountmanager1",
      "unicode": "e830",
      "unicode_decimal": 59440
    },
    {
      "icon_id": "21027431",
      "name": "ic_talent center",
      "font_class": "ic_talentcenter",
      "unicode": "e831",
      "unicode_decimal": 59441
    },
    {
      "icon_id": "21027432",
      "name": "ic_Unindent_right",
      "font_class": "ic_Unindent_right",
      "unicode": "e832",
      "unicode_decimal": 59442
    },
    {
      "icon_id": "21027353",
      "name": "ic_portfolio_bank cards",
      "font_class": "ic_portfolio_bankcards1",
      "unicode": "e81c",
      "unicode_decimal": 59420
    },
    {
      "icon_id": "21027354",
      "name": "ic_portfolio_conversion",
      "font_class": "ic_portfolio_conversion1",
      "unicode": "e81d",
      "unicode_decimal": 59421
    },
    {
      "icon_id": "21027355",
      "name": "ic_portfolio_deposit",
      "font_class": "ic_portfolio_deposit1",
      "unicode": "e81e",
      "unicode_decimal": 59422
    },
    {
      "icon_id": "21027356",
      "name": "ic_portfolio_order tracking",
      "font_class": "ic_portfolio_ordertracking1",
      "unicode": "e81f",
      "unicode_decimal": 59423
    },
    {
      "icon_id": "21027357",
      "name": "ic_portfolio_condition",
      "font_class": "ic_portfolio_condition1",
      "unicode": "e820",
      "unicode_decimal": 59424
    },
    {
      "icon_id": "21027358",
      "name": "ic_portfolio_e-statement",
      "font_class": "ic_portfolio_e-statement1",
      "unicode": "e821",
      "unicode_decimal": 59425
    },
    {
      "icon_id": "21027359",
      "name": "ic_portfolio_transfer",
      "font_class": "ic_portfolio_transfer1",
      "unicode": "e822",
      "unicode_decimal": 59426
    },
    {
      "icon_id": "21027360",
      "name": "ic_portfolio_trade",
      "font_class": "ic_portfolio_trade1",
      "unicode": "e823",
      "unicode_decimal": 59427
    },
    {
      "icon_id": "21027361",
      "name": "ic_portfolio_settings",
      "font_class": "ic_portfolio_settings",
      "unicode": "e824",
      "unicode_decimal": 59428
    },
    {
      "icon_id": "21027362",
      "name": "ic_portfolio_transaction history",
      "font_class": "ic_portfolio_transactionhistory1",
      "unicode": "e825",
      "unicode_decimal": 59429
    },
    {
      "icon_id": "21027363",
      "name": "ic_transaction list",
      "font_class": "ic_transactionlist",
      "unicode": "e826",
      "unicode_decimal": 59430
    },
    {
      "icon_id": "21027364",
      "name": "ic_portfolio_withdrawal",
      "font_class": "ic_portfolio_withdrawal1",
      "unicode": "e827",
      "unicode_decimal": 59431
    },
    {
      "icon_id": "21027264",
      "name": "ic_news_folder",
      "font_class": "ic_news_folder1",
      "unicode": "e80e",
      "unicode_decimal": 59406
    },
    {
      "icon_id": "21027265",
      "name": "ic_news_close3",
      "font_class": "ic_news_close31",
      "unicode": "e80f",
      "unicode_decimal": 59407
    },
    {
      "icon_id": "21027266",
      "name": "ic_news_next_full",
      "font_class": "ic_news_next_full1",
      "unicode": "e810",
      "unicode_decimal": 59408
    },
    {
      "icon_id": "21027267",
      "name": "ic_news_reading mode",
      "font_class": "ic_news_readingmode1",
      "unicode": "e811",
      "unicode_decimal": 59409
    },
    {
      "icon_id": "21027268",
      "name": "ic_news_pause_full",
      "font_class": "ic_news_pause_full1",
      "unicode": "e812",
      "unicode_decimal": 59410
    },
    {
      "icon_id": "21027269",
      "name": "ic_news_play_full",
      "font_class": "ic_news_play_full1",
      "unicode": "e813",
      "unicode_decimal": 59411
    },
    {
      "icon_id": "21027270",
      "name": "ic_news_pictures and text",
      "font_class": "ic_news_picturesandtext1",
      "unicode": "e814",
      "unicode_decimal": 59412
    },
    {
      "icon_id": "21027271",
      "name": "ic_news_translation",
      "font_class": "ic_news_translation",
      "unicode": "e815",
      "unicode_decimal": 59413
    },
    {
      "icon_id": "21027272",
      "name": "ic_news_article",
      "font_class": "ic_news_article",
      "unicode": "e816",
      "unicode_decimal": 59414
    },
    {
      "icon_id": "21027273",
      "name": "ic_news_broadcasting",
      "font_class": "ic_news_broadcasting1",
      "unicode": "e817",
      "unicode_decimal": 59415
    },
    {
      "icon_id": "21027274",
      "name": "ic_news_previous",
      "font_class": "ic_news_previous1",
      "unicode": "e818",
      "unicode_decimal": 59416
    },
    {
      "icon_id": "21027275",
      "name": "ic_news_voice broadcast",
      "font_class": "ic_news_voicebroadcast1",
      "unicode": "e819",
      "unicode_decimal": 59417
    },
    {
      "icon_id": "21027276",
      "name": "ic_news_school",
      "font_class": "ic_news_school1",
      "unicode": "e81a",
      "unicode_decimal": 59418
    },
    {
      "icon_id": "21027277",
      "name": "ic_news_title",
      "font_class": "ic_news_title1",
      "unicode": "e81b",
      "unicode_decimal": 59419
    },
    {
      "icon_id": "21026849",
      "name": "ic_circle_like_full",
      "font_class": "ic_circle_like_full",
      "unicode": "e80d",
      "unicode_decimal": 59405
    },
    {
      "icon_id": "21026842",
      "name": "ic_circle_comment",
      "font_class": "ic_circle_comment",
      "unicode": "e809",
      "unicode_decimal": 59401
    },
    {
      "icon_id": "21026843",
      "name": "ic_circle_comment_up",
      "font_class": "ic_circle_comment_up",
      "unicode": "e80a",
      "unicode_decimal": 59402
    },
    {
      "icon_id": "21026844",
      "name": "ic_circle_comment_nub",
      "font_class": "ic_circle_comment_nub",
      "unicode": "e80b",
      "unicode_decimal": 59403
    },
    {
      "icon_id": "21026846",
      "name": "ic_circle_like",
      "font_class": "ic_circle_like",
      "unicode": "e80c",
      "unicode_decimal": 59404
    },
    {
      "icon_id": "21025330",
      "name": "ic_notice_news",
      "font_class": "ic_notice_news1",
      "unicode": "e808",
      "unicode_decimal": 59400
    },
    {
      "icon_id": "21025311",
      "name": "ic_calendar_add",
      "font_class": "ic_calendar_add",
      "unicode": "e7fd",
      "unicode_decimal": 59389
    },
    {
      "icon_id": "21025312",
      "name": "ic_notice_down",
      "font_class": "ic_notice_down",
      "unicode": "e7ff",
      "unicode_decimal": 59391
    },
    {
      "icon_id": "21025313",
      "name": "ic_calendar_added",
      "font_class": "ic_calendar_added",
      "unicode": "e800",
      "unicode_decimal": 59392
    },
    {
      "icon_id": "21025314",
      "name": "ic_notice_error1",
      "font_class": "ic_notice_error1",
      "unicode": "e801",
      "unicode_decimal": 59393
    },
    {
      "icon_id": "21025315",
      "name": "ic_notice_network",
      "font_class": "ic_notice_network1",
      "unicode": "e802",
      "unicode_decimal": 59394
    },
    {
      "icon_id": "21025316",
      "name": "ic_notice_laugh",
      "font_class": "ic_notice_laugh",
      "unicode": "e803",
      "unicode_decimal": 59395
    },
    {
      "icon_id": "21025317",
      "name": "ic_notice_failure",
      "font_class": "ic_notice_failure1",
      "unicode": "e804",
      "unicode_decimal": 59396
    },
    {
      "icon_id": "21025318",
      "name": "ic_notice_error2",
      "font_class": "ic_notice_error21",
      "unicode": "e805",
      "unicode_decimal": 59397
    },
    {
      "icon_id": "21025319",
      "name": "ic_notice_up",
      "font_class": "ic_notice_up",
      "unicode": "e806",
      "unicode_decimal": 59398
    },
    {
      "icon_id": "21025320",
      "name": "ic_notice_report",
      "font_class": "ic_notice_report1",
      "unicode": "e807",
      "unicode_decimal": 59399
    },
    {
      "icon_id": "21024616",
      "name": "ic_stock_heart_full",
      "font_class": "ic_stock_heart_full1-copy",
      "unicode": "e7fe",
      "unicode_decimal": 59390
    },
    {
      "icon_id": "21024516",
      "name": "ic_dislike",
      "font_class": "ic_dislike",
      "unicode": "e7f3",
      "unicode_decimal": 59379
    },
    {
      "icon_id": "21024517",
      "name": "ic_暗盘备份 2",
      "font_class": "ic_anpanbeifen2",
      "unicode": "e7f4",
      "unicode_decimal": 59380
    },
    {
      "icon_id": "21024518",
      "name": "ic_news_video",
      "font_class": "ic_news_video2",
      "unicode": "e7f5",
      "unicode_decimal": 59381
    },
    {
      "icon_id": "21024519",
      "name": "ic_交易",
      "font_class": "ic_jiaoyi",
      "unicode": "e7f6",
      "unicode_decimal": 59382
    },
    {
      "icon_id": "21024520",
      "name": "ic_share_circle",
      "font_class": "ic_share_circle",
      "unicode": "e7f7",
      "unicode_decimal": 59383
    },
    {
      "icon_id": "21024521",
      "name": "ic_stock_filter",
      "font_class": "ic_stock_filter1",
      "unicode": "e7f8",
      "unicode_decimal": 59384
    },
    {
      "icon_id": "21024522",
      "name": "ic_stock_heart_less",
      "font_class": "ic_stock_heart_less1",
      "unicode": "e7f9",
      "unicode_decimal": 59385
    },
    {
      "icon_id": "21024523",
      "name": "ic_stock_condition setting",
      "font_class": "ic_stock_conditionsetting1",
      "unicode": "e7fa",
      "unicode_decimal": 59386
    },
    {
      "icon_id": "21024524",
      "name": "ic_stock_heart",
      "font_class": "ic_stock_heart1",
      "unicode": "e7fb",
      "unicode_decimal": 59387
    },
    {
      "icon_id": "21024525",
      "name": "ic_stock_heart_add",
      "font_class": "ic_stock_heart_add1",
      "unicode": "e7fc",
      "unicode_decimal": 59388
    },
    {
      "icon_id": "21020465",
      "name": "ic_news_video",
      "font_class": "ic_news_video1",
      "unicode": "e7f2",
      "unicode_decimal": 59378
    },
    {
      "icon_id": "21020404",
      "name": "ic_share_dinding",
      "font_class": "ic_share_dinding",
      "unicode": "e7e8",
      "unicode_decimal": 59368
    },
    {
      "icon_id": "21020405",
      "name": "ic_share_download",
      "font_class": "ic_share_download",
      "unicode": "e7e9",
      "unicode_decimal": 59369
    },
    {
      "icon_id": "21020406",
      "name": "ic_share_forward",
      "font_class": "ic_share_forward1",
      "unicode": "e7ea",
      "unicode_decimal": 59370
    },
    {
      "icon_id": "21020407",
      "name": "ic_share_twitter",
      "font_class": "ic_share_twitter1",
      "unicode": "e7eb",
      "unicode_decimal": 59371
    },
    {
      "icon_id": "21020408",
      "name": "ic_share_wechat",
      "font_class": "ic_share_wechat",
      "unicode": "e7ec",
      "unicode_decimal": 59372
    },
    {
      "icon_id": "21020409",
      "name": "ic_share_qr_code",
      "font_class": "ic_share_qr_code",
      "unicode": "e7ed",
      "unicode_decimal": 59373
    },
    {
      "icon_id": "21020410",
      "name": "ic_share_qq",
      "font_class": "ic_share_qq1",
      "unicode": "e7ee",
      "unicode_decimal": 59374
    },
    {
      "icon_id": "21020411",
      "name": "ic_share_safari",
      "font_class": "ic_share_safari",
      "unicode": "e7ef",
      "unicode_decimal": 59375
    },
    {
      "icon_id": "21020412",
      "name": "ic_share_weibo",
      "font_class": "ic_share_weibo",
      "unicode": "e7f0",
      "unicode_decimal": 59376
    },
    {
      "icon_id": "21020413",
      "name": "ic_share_moments",
      "font_class": "ic_share_moments",
      "unicode": "e7f1",
      "unicode_decimal": 59377
    },
    {
      "icon_id": "21020332",
      "name": "ic_word_file",
      "font_class": "ic_word_file",
      "unicode": "e7e7",
      "unicode_decimal": 59367
    },
    {
      "icon_id": "21008833",
      "name": "ic_align left",
      "font_class": "ic_alignleft",
      "unicode": "e7cb",
      "unicode_decimal": 59339
    },
    {
      "icon_id": "21008834",
      "name": "ic_align center",
      "font_class": "ic_aligncenter",
      "unicode": "e7cc",
      "unicode_decimal": 59340
    },
    {
      "icon_id": "21008835",
      "name": "ic_article",
      "font_class": "ic_article",
      "unicode": "e7cd",
      "unicode_decimal": 59341
    },
    {
      "icon_id": "21008836",
      "name": "ic_bold",
      "font_class": "ic_bold",
      "unicode": "e7ce",
      "unicode_decimal": 59342
    },
    {
      "icon_id": "21008837",
      "name": "ic_at",
      "font_class": "ic_at",
      "unicode": "e7cf",
      "unicode_decimal": 59343
    },
    {
      "icon_id": "21008838",
      "name": "ic_article settings",
      "font_class": "ic_articlesettings",
      "unicode": "e7d0",
      "unicode_decimal": 59344
    },
    {
      "icon_id": "21008839",
      "name": "ic_clear",
      "font_class": "ic_clear",
      "unicode": "e7d1",
      "unicode_decimal": 59345
    },
    {
      "icon_id": "21008840",
      "name": "ic_company",
      "font_class": "ic_company",
      "unicode": "e7d2",
      "unicode_decimal": 59346
    },
    {
      "icon_id": "21008841",
      "name": "ic_circle_unordered list",
      "font_class": "ic_circle_unorderedlist",
      "unicode": "e7d3",
      "unicode_decimal": 59347
    },
    {
      "icon_id": "21008842",
      "name": "ic_calign right",
      "font_class": "ic_calignright1",
      "unicode": "e7d4",
      "unicode_decimal": 59348
    },
    {
      "icon_id": "21008843",
      "name": "ic_format",
      "font_class": "ic_format1",
      "unicode": "e7d5",
      "unicode_decimal": 59349
    },
    {
      "icon_id": "21008844",
      "name": "ic_h2",
      "font_class": "ic_h2",
      "unicode": "e7d6",
      "unicode_decimal": 59350
    },
    {
      "icon_id": "21008845",
      "name": "ic_h3",
      "font_class": "ic_h3",
      "unicode": "e7d7",
      "unicode_decimal": 59351
    },
    {
      "icon_id": "21008846",
      "name": "ic_h4",
      "font_class": "ic_h4",
      "unicode": "e7d8",
      "unicode_decimal": 59352
    },
    {
      "icon_id": "21008847",
      "name": "ic_import",
      "font_class": "ic_import",
      "unicode": "e7d9",
      "unicode_decimal": 59353
    },
    {
      "icon_id": "21008848",
      "name": "ic_italic",
      "font_class": "ic_italic",
      "unicode": "e7da",
      "unicode_decimal": 59354
    },
    {
      "icon_id": "21008849",
      "name": "ic_h1",
      "font_class": "ic_h1",
      "unicode": "e7db",
      "unicode_decimal": 59355
    },
    {
      "icon_id": "21008850",
      "name": "ic_hyperlink",
      "font_class": "ic_hyperlink",
      "unicode": "e7dc",
      "unicode_decimal": 59356
    },
    {
      "icon_id": "21008851",
      "name": "ic_image",
      "font_class": "ic_image",
      "unicode": "e7dd",
      "unicode_decimal": 59357
    },
    {
      "icon_id": "21008852",
      "name": "ic_list",
      "font_class": "ic_list",
      "unicode": "e7de",
      "unicode_decimal": 59358
    },
    {
      "icon_id": "21008853",
      "name": "ic_keyboard",
      "font_class": "ic_keyboard",
      "unicode": "e7df",
      "unicode_decimal": 59359
    },
    {
      "icon_id": "21008854",
      "name": "ic_quote",
      "font_class": "ic_quote",
      "unicode": "e7e0",
      "unicode_decimal": 59360
    },
    {
      "icon_id": "21008855",
      "name": "ic_shrink left",
      "font_class": "ic_shrinkleft",
      "unicode": "e7e1",
      "unicode_decimal": 59361
    },
    {
      "icon_id": "21008856",
      "name": "ic_shrink right",
      "font_class": "ic_shrinkright",
      "unicode": "e7e2",
      "unicode_decimal": 59362
    },
    {
      "icon_id": "21008857",
      "name": "ic_insert",
      "font_class": "ic_insert",
      "unicode": "e7e3",
      "unicode_decimal": 59363
    },
    {
      "icon_id": "21008858",
      "name": "ic_sorted list",
      "font_class": "ic_sortedlist",
      "unicode": "e7e4",
      "unicode_decimal": 59364
    },
    {
      "icon_id": "21008859",
      "name": "ic_topic",
      "font_class": "ic_topic",
      "unicode": "e7e5",
      "unicode_decimal": 59365
    },
    {
      "icon_id": "21008860",
      "name": "ic_transaction",
      "font_class": "ic_transaction",
      "unicode": "e7e6",
      "unicode_decimal": 59366
    },
    {
      "icon_id": "21008037",
      "name": "ic_global_income",
      "font_class": "ic_global_income",
      "unicode": "e7c9",
      "unicode_decimal": 59337
    },
    {
      "icon_id": "21008038",
      "name": "ic_global_time2",
      "font_class": "ic_global_time21",
      "unicode": "e7ca",
      "unicode_decimal": 59338
    },
    {
      "icon_id": "21006129",
      "name": "ic_globa_menu1",
      "font_class": "ic_globa_menu1",
      "unicode": "e7c4",
      "unicode_decimal": 59332
    },
    {
      "icon_id": "21006130",
      "name": "ic_global_more2",
      "font_class": "ic_global_more2",
      "unicode": "e7c5",
      "unicode_decimal": 59333
    },
    {
      "icon_id": "21006131",
      "name": "ic_global_mutual",
      "font_class": "ic_global_mutual1",
      "unicode": "e7c6",
      "unicode_decimal": 59334
    },
    {
      "icon_id": "21006132",
      "name": "ic_global_time",
      "font_class": "ic_global_time1",
      "unicode": "e7c7",
      "unicode_decimal": 59335
    },
    {
      "icon_id": "21006133",
      "name": "ic_global_top",
      "font_class": "ic_global_top2",
      "unicode": "e7c8",
      "unicode_decimal": 59336
    },
    {
      "icon_id": "21004870",
      "name": "ic_global_info",
      "font_class": "ic_global_info1",
      "unicode": "e7ba",
      "unicode_decimal": 59322
    },
    {
      "icon_id": "21004871",
      "name": "ic_global_undo",
      "font_class": "ic_global_undo",
      "unicode": "e7bb",
      "unicode_decimal": 59323
    },
    {
      "icon_id": "21004872",
      "name": "ic_global_reload",
      "font_class": "ic_global_reload1",
      "unicode": "e7c0",
      "unicode_decimal": 59328
    },
    {
      "icon_id": "21004873",
      "name": "ic_global_sync",
      "font_class": "ic_global_sync1",
      "unicode": "e7c1",
      "unicode_decimal": 59329
    },
    {
      "icon_id": "21004874",
      "name": "ic_global_setting",
      "font_class": "ic_global_setting1",
      "unicode": "e7c2",
      "unicode_decimal": 59330
    },
    {
      "icon_id": "21004850",
      "name": "ic_global_info2",
      "font_class": "ic_global_info2",
      "unicode": "e7c3",
      "unicode_decimal": 59331
    },
    {
      "icon_id": "21004300",
      "name": "ic_stock_list_sort",
      "font_class": "ic_stock_list_sort",
      "unicode": "e7b9",
      "unicode_decimal": 59321
    },
    {
      "icon_id": "21004275",
      "name": "ic_stock_return",
      "font_class": "ic_stock_return",
      "unicode": "e7bc",
      "unicode_decimal": 59324
    },
    {
      "icon_id": "21004276",
      "name": "ic_stock_go-on",
      "font_class": "ic_stock_go-on",
      "unicode": "e7bd",
      "unicode_decimal": 59325
    },
    {
      "icon_id": "21004277",
      "name": "ic_global_flexible",
      "font_class": "ic_global_flexible",
      "unicode": "e7be",
      "unicode_decimal": 59326
    },
    {
      "icon_id": "21004278",
      "name": "ic_global_cycle",
      "font_class": "ic_global_cycle",
      "unicode": "e7bf",
      "unicode_decimal": 59327
    },
    {
      "icon_id": "21003887",
      "name": "ic_global_close4",
      "font_class": "ic_global_close4",
      "unicode": "e7b5",
      "unicode_decimal": 59317
    },
    {
      "icon_id": "21003888",
      "name": "ic_global_close3",
      "font_class": "ic_global_close3",
      "unicode": "e7b6",
      "unicode_decimal": 59318
    },
    {
      "icon_id": "21003889",
      "name": "ic_global_hook4",
      "font_class": "ic_global_hook4",
      "unicode": "e7b7",
      "unicode_decimal": 59319
    },
    {
      "icon_id": "21003890",
      "name": "ic_global_hook3",
      "font_class": "ic_global_hook3",
      "unicode": "e7b8",
      "unicode_decimal": 59320
    },
    {
      "icon_id": "21003623",
      "name": "ic_global_hook1",
      "font_class": "ic_global_hook1",
      "unicode": "e7b3",
      "unicode_decimal": 59315
    },
    {
      "icon_id": "21003624",
      "name": "ic_global_hook2",
      "font_class": "ic_global_hook2",
      "unicode": "e7b4",
      "unicode_decimal": 59316
    },
    {
      "icon_id": "21003519",
      "name": "ic_global_minus4",
      "font_class": "ic_global_minus4",
      "unicode": "e7b1",
      "unicode_decimal": 59313
    },
    {
      "icon_id": "21003520",
      "name": "ic_global_plus4",
      "font_class": "ic_global_plus4",
      "unicode": "e7b2",
      "unicode_decimal": 59314
    },
    {
      "icon_id": "21002898",
      "name": "ic_global_plus1",
      "font_class": "ic_global_plus11",
      "unicode": "e7ad",
      "unicode_decimal": 59309
    },
    {
      "icon_id": "21002899",
      "name": "ic_global_plus2",
      "font_class": "ic_global_plus22",
      "unicode": "e7ae",
      "unicode_decimal": 59310
    },
    {
      "icon_id": "21002900",
      "name": "ic_global_minus1",
      "font_class": "ic_global_minus11",
      "unicode": "e7af",
      "unicode_decimal": 59311
    },
    {
      "icon_id": "21002901",
      "name": "ic_global_minus2",
      "font_class": "ic_global_minus22",
      "unicode": "e7b0",
      "unicode_decimal": 59312
    },
    {
      "icon_id": "20999848",
      "name": "ic_global_copy",
      "font_class": "ic_global_copy2",
      "unicode": "e7ac",
      "unicode_decimal": 59308
    },
    {
      "icon_id": "20999841",
      "name": "ic_global_bell",
      "font_class": "ic_global_bell",
      "unicode": "e7a9",
      "unicode_decimal": 59305
    },
    {
      "icon_id": "20999842",
      "name": "ic_global_edit",
      "font_class": "ic_global_edit1",
      "unicode": "e7aa",
      "unicode_decimal": 59306
    },
    {
      "icon_id": "20999843",
      "name": "ic_share",
      "font_class": "ic_share",
      "unicode": "e7ab",
      "unicode_decimal": 59307
    },
    {
      "icon_id": "20926361",
      "name": "National BBO",
      "font_class": "NationalBBO",
      "unicode": "e7a8",
      "unicode_decimal": 59304
    },
    {
      "icon_id": "20925420",
      "name": "ic_global_close2",
      "font_class": "ic_global_close2",
      "unicode": "e7a6",
      "unicode_decimal": 59302
    },
    {
      "icon_id": "20925421",
      "name": "ic_global_close",
      "font_class": "ic_global_close",
      "unicode": "e7a7",
      "unicode_decimal": 59303
    },
    {
      "icon_id": "20924821",
      "name": "ic_global_search",
      "font_class": "ic_global_search1",
      "unicode": "e7a5",
      "unicode_decimal": 59301
    },
    {
      "icon_id": "20896010",
      "name": "exchange-2",
      "font_class": "exchange-2",
      "unicode": "e63a",
      "unicode_decimal": 58938
    },
    {
      "icon_id": "20895992",
      "name": "exchange-1",
      "font_class": "exchange-1",
      "unicode": "e61d",
      "unicode_decimal": 58909
    },
    {
      "icon_id": "20883881",
      "name": "ic_global_plus3",
      "font_class": "ic_global_plus3",
      "unicode": "e7a3",
      "unicode_decimal": 59299
    },
    {
      "icon_id": "20883882",
      "name": "ic_global_minus3",
      "font_class": "ic_global_minus3",
      "unicode": "e7a4",
      "unicode_decimal": 59300
    },
    {
      "icon_id": "20874552",
      "name": "tag_default watchlist_MLXY",
      "font_class": "tag_defaultwatchlist_MLXY",
      "unicode": "e615",
      "unicode_decimal": 58901
    },
    {
      "icon_id": "20874543",
      "name": "tag_default watchlist_JND",
      "font_class": "tag_defaultwatchlist_JND",
      "unicode": "e614",
      "unicode_decimal": 58900
    },
    {
      "icon_id": "20851075",
      "name": "ic_global_left2",
      "font_class": "ic_global_left2",
      "unicode": "e796",
      "unicode_decimal": 59286
    },
    {
      "icon_id": "20851076",
      "name": "ic_global_down1",
      "font_class": "ic_global_down11",
      "unicode": "e797",
      "unicode_decimal": 59287
    },
    {
      "icon_id": "20851077",
      "name": "ic_global_down3",
      "font_class": "ic_global_down31",
      "unicode": "e798",
      "unicode_decimal": 59288
    },
    {
      "icon_id": "20851078",
      "name": "ic_global_left1",
      "font_class": "ic_global_left11",
      "unicode": "e799",
      "unicode_decimal": 59289
    },
    {
      "icon_id": "20851079",
      "name": "ic_global_down4",
      "font_class": "ic_global_down4",
      "unicode": "e79a",
      "unicode_decimal": 59290
    },
    {
      "icon_id": "20851080",
      "name": "ic_global_right2",
      "font_class": "ic_global_right21",
      "unicode": "e79b",
      "unicode_decimal": 59291
    },
    {
      "icon_id": "20851081",
      "name": "ic_global_up1",
      "font_class": "ic_global_up11",
      "unicode": "e79c",
      "unicode_decimal": 59292
    },
    {
      "icon_id": "20851082",
      "name": "ic_global_down5",
      "font_class": "ic_global_down5",
      "unicode": "e79d",
      "unicode_decimal": 59293
    },
    {
      "icon_id": "20851083",
      "name": "ic_global_up2",
      "font_class": "ic_global_up22",
      "unicode": "e79e",
      "unicode_decimal": 59294
    },
    {
      "icon_id": "20851084",
      "name": "ic_global_up4",
      "font_class": "ic_global_up4",
      "unicode": "e79f",
      "unicode_decimal": 59295
    },
    {
      "icon_id": "20851085",
      "name": "ic_global_up5",
      "font_class": "ic_global_up5",
      "unicode": "e7a0",
      "unicode_decimal": 59296
    },
    {
      "icon_id": "20851086",
      "name": "ic_global_up3",
      "font_class": "ic_global_up31",
      "unicode": "e7a1",
      "unicode_decimal": 59297
    },
    {
      "icon_id": "20851087",
      "name": "ic_global_right1",
      "font_class": "ic_global_right11",
      "unicode": "e7a2",
      "unicode_decimal": 59298
    },
    {
      "icon_id": "20839529",
      "name": "ic_exchange",
      "font_class": "ic_exchange",
      "unicode": "e60f",
      "unicode_decimal": 58895
    },
    {
      "icon_id": "20761718",
      "name": "open an account_02",
      "font_class": "openanaccount_02",
      "unicode": "e791",
      "unicode_decimal": 59281
    },
    {
      "icon_id": "20761719",
      "name": "open an account_01",
      "font_class": "openanaccount_01",
      "unicode": "e792",
      "unicode_decimal": 59282
    },
    {
      "icon_id": "20761720",
      "name": "open an account_03",
      "font_class": "openanaccount_03",
      "unicode": "e793",
      "unicode_decimal": 59283
    },
    {
      "icon_id": "20761721",
      "name": "open an account_05",
      "font_class": "openanaccount_05",
      "unicode": "e794",
      "unicode_decimal": 59284
    },
    {
      "icon_id": "20761722",
      "name": "open an account_04",
      "font_class": "openanaccount_04",
      "unicode": "e795",
      "unicode_decimal": 59285
    },
    {
      "icon_id": "20761708",
      "name": "bank of china",
      "font_class": "bankofchina",
      "unicode": "e787",
      "unicode_decimal": 59271
    },
    {
      "icon_id": "20761709",
      "name": "china minsheng bank",
      "font_class": "chinaminshengbank",
      "unicode": "e788",
      "unicode_decimal": 59272
    },
    {
      "icon_id": "20761710",
      "name": "china construcion bank",
      "font_class": "chinaconstrucionbank",
      "unicode": "e789",
      "unicode_decimal": 59273
    },
    {
      "icon_id": "20761711",
      "name": "china citic bank",
      "font_class": "chinaciticbank",
      "unicode": "e78a",
      "unicode_decimal": 59274
    },
    {
      "icon_id": "20761712",
      "name": "china merchants bank",
      "font_class": "chinamerchantsbank",
      "unicode": "e78b",
      "unicode_decimal": 59275
    },
    {
      "icon_id": "20761713",
      "name": "standard chartered",
      "font_class": "standardchartered",
      "unicode": "e78c",
      "unicode_decimal": 59276
    },
    {
      "icon_id": "20761714",
      "name": "citibank",
      "font_class": "citibank",
      "unicode": "e78d",
      "unicode_decimal": 59277
    },
    {
      "icon_id": "20761715",
      "name": "ICBC",
      "font_class": "ICBC",
      "unicode": "e78e",
      "unicode_decimal": 59278
    },
    {
      "icon_id": "20761716",
      "name": "united overseas",
      "font_class": "unitedoverseas",
      "unicode": "e78f",
      "unicode_decimal": 59279
    },
    {
      "icon_id": "20761717",
      "name": "earth",
      "font_class": "earth",
      "unicode": "e790",
      "unicode_decimal": 59280
    },
    {
      "icon_id": "20761696",
      "name": "ic_position",
      "font_class": "ic_position",
      "unicode": "e786",
      "unicode_decimal": 59270
    },
    {
      "icon_id": "20761460",
      "name": "ic_portfolio_eyes_open",
      "font_class": "ic_portfolio_eyes_open1",
      "unicode": "e784",
      "unicode_decimal": 59268
    },
    {
      "icon_id": "20761461",
      "name": "ic_portfolio_eyes_closed",
      "font_class": "ic_portfolio_eyes_closed1",
      "unicode": "e785",
      "unicode_decimal": 59269
    },
    {
      "icon_id": "20731245",
      "name": "ic_early warning",
      "font_class": "ic_earlywarning",
      "unicode": "e783",
      "unicode_decimal": 59267
    },
    {
      "icon_id": "20727940",
      "name": "ic_stock_list_down",
      "font_class": "ic_stock_list_down",
      "unicode": "e781",
      "unicode_decimal": 59265
    },
    {
      "icon_id": "20727941",
      "name": "ic_stock_list_up",
      "font_class": "ic_stock_list_up",
      "unicode": "e782",
      "unicode_decimal": 59266
    },
    {
      "icon_id": "20715453",
      "name": "ic_article edit",
      "font_class": "ic_articleedit",
      "unicode": "e77e",
      "unicode_decimal": 59262
    },
    {
      "icon_id": "20715454",
      "name": "ic_circle_article",
      "font_class": "ic_circle_article",
      "unicode": "e77f",
      "unicode_decimal": 59263
    },
    {
      "icon_id": "20715455",
      "name": "ic_move out",
      "font_class": "ic_moveout",
      "unicode": "e780",
      "unicode_decimal": 59264
    },
    {
      "icon_id": "20710118",
      "name": "ic_global_delete",
      "font_class": "ic_global_delete1",
      "unicode": "e776",
      "unicode_decimal": 59254
    },
    {
      "icon_id": "20710119",
      "name": "ic_news_theme",
      "font_class": "ic_news_theme1",
      "unicode": "e777",
      "unicode_decimal": 59255
    },
    {
      "icon_id": "20710120",
      "name": "ic_news_favorites",
      "font_class": "ic_news_favorites1",
      "unicode": "e778",
      "unicode_decimal": 59256
    },
    {
      "icon_id": "20710121",
      "name": "ic_share_link",
      "font_class": "ic_share_link1",
      "unicode": "e779",
      "unicode_decimal": 59257
    },
    {
      "icon_id": "20710122",
      "name": "ic_news_favorites_full",
      "font_class": "ic_news_favorites_full1",
      "unicode": "e77a",
      "unicode_decimal": 59258
    },
    {
      "icon_id": "20710123",
      "name": "ic_caveat",
      "font_class": "ic_caveat",
      "unicode": "e77b",
      "unicode_decimal": 59259
    },
    {
      "icon_id": "20710124",
      "name": "ic_share_browser",
      "font_class": "ic_share_browser1",
      "unicode": "e77c",
      "unicode_decimal": 59260
    },
    {
      "icon_id": "20710127",
      "name": "ic_global_more",
      "font_class": "ic_global_more1",
      "unicode": "e77d",
      "unicode_decimal": 59261
    },
    {
      "icon_id": "20705741",
      "name": "ic_global_lock",
      "font_class": "ic_global_lock1",
      "unicode": "e775",
      "unicode_decimal": 59253
    },
    {
      "icon_id": "20630137",
      "name": "ic_more",
      "font_class": "ic_more",
      "unicode": "e774",
      "unicode_decimal": 59252
    },
    {
      "icon_id": "20574733",
      "name": "ic_兑换记录",
      "font_class": "ic_duihuanjilu",
      "unicode": "e60d",
      "unicode_decimal": 58893
    },
    {
      "icon_id": "20540870",
      "name": "ic_global_down2",
      "font_class": "ic_global_down22",
      "unicode": "e773",
      "unicode_decimal": 59251
    },
    {
      "icon_id": "20399067",
      "name": "ic_globa_menu2",
      "font_class": "ic_globa_menu21",
      "unicode": "e772",
      "unicode_decimal": 59250
    },
    {
      "icon_id": "20335436",
      "name": "ic_news_live2",
      "font_class": "ic_news_live2",
      "unicode": "e770",
      "unicode_decimal": 59248
    },
    {
      "icon_id": "20335437",
      "name": "ic_news_ive2",
      "font_class": "ic_news_ive2",
      "unicode": "e771",
      "unicode_decimal": 59249
    },
    {
      "icon_id": "19483292",
      "name": "conver-down",
      "font_class": "conver-down",
      "unicode": "e605",
      "unicode_decimal": 58885
    },
    {
      "icon_id": "20244471",
      "name": "ic_global_list_setting2",
      "font_class": "ic_global_list_setting2",
      "unicode": "e76e",
      "unicode_decimal": 59246
    },
    {
      "icon_id": "20244472",
      "name": "ic_global_list_setting",
      "font_class": "ic_global_list_setting",
      "unicode": "e76f",
      "unicode_decimal": 59247
    },
    {
      "icon_id": "20190821",
      "name": "ic_global_time2",
      "font_class": "ic_global_time2",
      "unicode": "e76d",
      "unicode_decimal": 59245
    },
    {
      "icon_id": "20113995",
      "name": "ic_comparison",
      "font_class": "ic_comparison",
      "unicode": "e76c",
      "unicode_decimal": 59244
    },
    {
      "icon_id": "19934894",
      "name": "ic_public",
      "font_class": "ic_public",
      "unicode": "e76b",
      "unicode_decimal": 59243
    },
    {
      "icon_id": "19657065",
      "name": "assets_analysis",
      "font_class": "assets_analysis",
      "unicode": "e60c",
      "unicode_decimal": 58892
    },
    {
      "icon_id": "19646839",
      "name": "Pop_ups_Circle ",
      "font_class": "Pop_ups_Circle",
      "unicode": "e60b",
      "unicode_decimal": 58891
    },
    {
      "icon_id": "19396901",
      "name": "发现页【延时】",
      "font_class": "faxianyeyanshi",
      "unicode": "e66b",
      "unicode_decimal": 58987
    },
    {
      "icon_id": "19239446",
      "name": "详情",
      "font_class": "xiangqing",
      "unicode": "e668",
      "unicode_decimal": 58984
    },
    {
      "icon_id": "19239447",
      "name": "修改",
      "font_class": "xiugai",
      "unicode": "e669",
      "unicode_decimal": 58985
    },
    {
      "icon_id": "19239448",
      "name": "撤单",
      "font_class": "chedan",
      "unicode": "e66a",
      "unicode_decimal": 58986
    },
    {
      "icon_id": "19229801",
      "name": "ic_show_introduction",
      "font_class": "ic_show_introduction",
      "unicode": "e768",
      "unicode_decimal": 59240
    },
    {
      "icon_id": "19228714",
      "name": "ic_global_sort",
      "font_class": "ic_global_sort",
      "unicode": "e766",
      "unicode_decimal": 59238
    },
    {
      "icon_id": "19228715",
      "name": "ic_global_top",
      "font_class": "ic_global_top1",
      "unicode": "e767",
      "unicode_decimal": 59239
    },
    {
      "icon_id": "19218242",
      "name": "ic_bl_dark",
      "font_class": "bianzu34beifen",
      "unicode": "e639",
      "unicode_decimal": 58937
    },
    {
      "icon_id": "19583932",
      "name": "ic_bl_dark",
      "font_class": "bianzu34beifen-copy",
      "unicode": "e769",
      "unicode_decimal": 59241
    },
    {
      "icon_id": "19217186",
      "name": "ic_bl",
      "font_class": "bianzu34",
      "unicode": "e638",
      "unicode_decimal": 58936
    },
    {
      "icon_id": "19583947",
      "name": "ic_bl",
      "font_class": "bianzu34-copy",
      "unicode": "e76a",
      "unicode_decimal": 59242
    },
    {
      "icon_id": "19150193",
      "name": "ic_fund_dividends_recording",
      "font_class": "ic_fund_dividends_recording",
      "unicode": "e764",
      "unicode_decimal": 59236
    },
    {
      "icon_id": "19150194",
      "name": "ic_fund_transaction_recording",
      "font_class": "ic_fund_transaction_recording",
      "unicode": "e765",
      "unicode_decimal": 59237
    },
    {
      "icon_id": "19149599",
      "name": "ic_list_assets_setting",
      "font_class": "ic_list_assets_setting",
      "unicode": "e761",
      "unicode_decimal": 59233
    },
    {
      "icon_id": "19145980",
      "name": "ic_more_features",
      "font_class": "ic_more_features",
      "unicode": "e763",
      "unicode_decimal": 59235
    },
    {
      "icon_id": "19117284",
      "name": "ic_fundtheme",
      "font_class": "ic_fundtheme",
      "unicode": "e637",
      "unicode_decimal": 58935
    },
    {
      "icon_id": "19028934",
      "name": "ic_portfolio_assets_setting",
      "font_class": "ic_portfolio_assets_setting",
      "unicode": "e762",
      "unicode_decimal": 59234
    },
    {
      "icon_id": "18986315",
      "name": "ic_list_edit",
      "font_class": "ic_list_edit",
      "unicode": "e760",
      "unicode_decimal": 59232
    },
    {
      "icon_id": "18972744",
      "name": "ic_list__up",
      "font_class": "ic_list__up",
      "unicode": "e75e",
      "unicode_decimal": 59230
    },
    {
      "icon_id": "18972745",
      "name": "ic_list_down",
      "font_class": "ic_list_down",
      "unicode": "e75f",
      "unicode_decimal": 59231
    },
    {
      "icon_id": "18934910",
      "name": "ic_popup_negative",
      "font_class": "ic_popup_negative",
      "unicode": "e75d",
      "unicode_decimal": 59229
    },
    {
      "icon_id": "18934732",
      "name": "ic_popup_success",
      "font_class": "ic_popup_success",
      "unicode": "e75a",
      "unicode_decimal": 59226
    },
    {
      "icon_id": "18934733",
      "name": "ic_popup_caveat",
      "font_class": "ic_popup_caveat",
      "unicode": "e75b",
      "unicode_decimal": 59227
    },
    {
      "icon_id": "18934734",
      "name": "ic_popup_failure",
      "font_class": "ic_popup_failure",
      "unicode": "e75c",
      "unicode_decimal": 59228
    },
    {
      "icon_id": "18926349",
      "name": "ic_stock_list_disable",
      "font_class": "ic_stock_list_disable",
      "unicode": "e759",
      "unicode_decimal": 59225
    },
    {
      "icon_id": "18887040",
      "name": "ic_stock_list_sharing",
      "font_class": "ic_stock_list_sharing",
      "unicode": "e757",
      "unicode_decimal": 59223
    },
    {
      "icon_id": "18887041",
      "name": "ic_stock_list_share",
      "font_class": "ic_stock_list_share",
      "unicode": "e758",
      "unicode_decimal": 59224
    },
    {
      "icon_id": "18811665",
      "name": "ic_notice_on2",
      "font_class": "ic_notice_on2",
      "unicode": "e636",
      "unicode_decimal": 58934
    },
    {
      "icon_id": "18770729",
      "name": "ic_notice_off",
      "font_class": "ic_notice_off",
      "unicode": "e634",
      "unicode_decimal": 58932
    },
    {
      "icon_id": "18770832",
      "name": "ic_notice_on",
      "font_class": "ic_notice_on",
      "unicode": "e635",
      "unicode_decimal": 58933
    },
    {
      "icon_id": "18760376",
      "name": "ic_comment_community",
      "font_class": "ic_comment_community",
      "unicode": "e756",
      "unicode_decimal": 59222
    },
    {
      "icon_id": "18703555",
      "name": "ic_input_@",
      "font_class": "ic_input_",
      "unicode": "e755",
      "unicode_decimal": 59221
    },
    {
      "icon_id": "18697132",
      "name": "ic_news_details",
      "font_class": "ic_news_details",
      "unicode": "e754",
      "unicode_decimal": 59220
    },
    {
      "icon_id": "18670794",
      "name": "ic_input_Original",
      "font_class": "ic_input_Original",
      "unicode": "e753",
      "unicode_decimal": 59219
    },
    {
      "icon_id": "18666242",
      "name": "ic_news_favorites_full",
      "font_class": "ic_news_favorites_full",
      "unicode": "e70f",
      "unicode_decimal": 59151
    },
    {
      "icon_id": "18666243",
      "name": "ic_news_favorites",
      "font_class": "ic_news_favorites",
      "unicode": "e751",
      "unicode_decimal": 59217
    },
    {
      "icon_id": "18343980",
      "name": "ic_comment-report",
      "font_class": "ic_comment-report",
      "unicode": "e752",
      "unicode_decimal": 59218
    },
    {
      "icon_id": "18180215",
      "name": "ic_global_up3",
      "font_class": "ic_global_up3",
      "unicode": "e73e",
      "unicode_decimal": 59198
    },
    {
      "icon_id": "18180216",
      "name": "ic_global_down3",
      "font_class": "ic_global_down3",
      "unicode": "e73f",
      "unicode_decimal": 59199
    },
    {
      "icon_id": "18165099",
      "name": "ic_news_school",
      "font_class": "ic_news_school",
      "unicode": "e73d",
      "unicode_decimal": 59197
    },
    {
      "icon_id": "18148014",
      "name": "ic_comment_activity",
      "font_class": "ic_comment_activity",
      "unicode": "e73c",
      "unicode_decimal": 59196
    },
    {
      "icon_id": "18078183",
      "name": "ic_notice_today",
      "font_class": "ic_notice_today",
      "unicode": "e74f",
      "unicode_decimal": 59215
    },
    {
      "icon_id": "18078184",
      "name": "ic_stock_history",
      "font_class": "ic_stock_history",
      "unicode": "e750",
      "unicode_decimal": 59216
    },
    {
      "icon_id": "18043691",
      "name": "ic_community_add",
      "font_class": "ic_community_add",
      "unicode": "e6b6",
      "unicode_decimal": 59062
    },
    {
      "icon_id": "18003159",
      "name": "ic_stock_candlestick",
      "font_class": "ic_stock_candlestick",
      "unicode": "e74d",
      "unicode_decimal": 59213
    },
    {
      "icon_id": "18003160",
      "name": "ic_stock_trend",
      "font_class": "ic_stock_trend1",
      "unicode": "e74e",
      "unicode_decimal": 59214
    },
    {
      "icon_id": "17900214",
      "name": "ic_input_holdings",
      "font_class": "ic_input_holdings",
      "unicode": "e744",
      "unicode_decimal": 59204
    },
    {
      "icon_id": "17900215",
      "name": "ic_input_stock",
      "font_class": "ic_input_stock",
      "unicode": "e745",
      "unicode_decimal": 59205
    },
    {
      "icon_id": "17900216",
      "name": "ic_input_hyperlink",
      "font_class": "ic_input_hyperlink",
      "unicode": "e746",
      "unicode_decimal": 59206
    },
    {
      "icon_id": "17900217",
      "name": "ic_input_post",
      "font_class": "ic_input_post",
      "unicode": "e747",
      "unicode_decimal": 59207
    },
    {
      "icon_id": "17900218",
      "name": "ic_input_image",
      "font_class": "ic_input_image",
      "unicode": "e748",
      "unicode_decimal": 59208
    },
    {
      "icon_id": "17900219",
      "name": "ic_input_format",
      "font_class": "ic_input_format",
      "unicode": "e749",
      "unicode_decimal": 59209
    },
    {
      "icon_id": "17900220",
      "name": "ic_input_topic",
      "font_class": "ic_input_topic",
      "unicode": "e74a",
      "unicode_decimal": 59210
    },
    {
      "icon_id": "17900221",
      "name": "ic_input_comment",
      "font_class": "ic_input_comment",
      "unicode": "e74b",
      "unicode_decimal": 59211
    },
    {
      "icon_id": "17900222",
      "name": "ic_input-edit",
      "font_class": "ic_input-edit",
      "unicode": "e74c",
      "unicode_decimal": 59212
    },
    {
      "icon_id": "17879698",
      "name": "ic_news_folder",
      "font_class": "ic_news_folder",
      "unicode": "e743",
      "unicode_decimal": 59203
    },
    {
      "icon_id": "17863711",
      "name": "ic_news_full screen",
      "font_class": "ic_news_fullscreen",
      "unicode": "e742",
      "unicode_decimal": 59202
    },
    {
      "icon_id": "17827983",
      "name": "ic_global_info_fill",
      "font_class": "ic_global_info_fill",
      "unicode": "e741",
      "unicode_decimal": 59201
    },
    {
      "icon_id": "17819248",
      "name": "ic_news_slack",
      "font_class": "ic_news_slack",
      "unicode": "e740",
      "unicode_decimal": 59200
    },
    {
      "icon_id": "17807429",
      "name": "ic_global_plus2",
      "font_class": "ic_global_plus21",
      "unicode": "e73a",
      "unicode_decimal": 59194
    },
    {
      "icon_id": "17807430",
      "name": "ic_global_minus2",
      "font_class": "ic_global_minus21",
      "unicode": "e73b",
      "unicode_decimal": 59195
    },
    {
      "icon_id": "17782701",
      "name": "ic_news_reading mode_full",
      "font_class": "ic_news_readingmode_full",
      "unicode": "e730",
      "unicode_decimal": 59184
    },
    {
      "icon_id": "17782703",
      "name": "ic_news_reading mode",
      "font_class": "ic_news_readingmode",
      "unicode": "e739",
      "unicode_decimal": 59193
    },
    {
      "icon_id": "17774341",
      "name": "co_check",
      "font_class": "co_check",
      "unicode": "e6fb",
      "unicode_decimal": 59131
    },
    {
      "icon_id": "17774342",
      "name": "co_checkbox_s0",
      "font_class": "co_checkbox_s0",
      "unicode": "e6fc",
      "unicode_decimal": 59132
    },
    {
      "icon_id": "17774343",
      "name": "co_radio",
      "font_class": "co_radio",
      "unicode": "e6fd",
      "unicode_decimal": 59133
    },
    {
      "icon_id": "17774344",
      "name": "co_checkbox_r0",
      "font_class": "co_checkbox_r0",
      "unicode": "e6fe",
      "unicode_decimal": 59134
    },
    {
      "icon_id": "17774345",
      "name": "co_checkbox_r1",
      "font_class": "co_checkbox_r1",
      "unicode": "e6ff",
      "unicode_decimal": 59135
    },
    {
      "icon_id": "17774346",
      "name": "co_checkbox_s1",
      "font_class": "co_checkbox_s1",
      "unicode": "e700",
      "unicode_decimal": 59136
    },
    {
      "icon_id": "17768566",
      "name": "ic_news_video",
      "font_class": "ic_news_video",
      "unicode": "e738",
      "unicode_decimal": 59192
    },
    {
      "icon_id": "17760993",
      "name": "ic_comment_number",
      "font_class": "ic_comment_number",
      "unicode": "e737",
      "unicode_decimal": 59191
    },
    {
      "icon_id": "17753516",
      "name": "ic_globa_circle",
      "font_class": "ic_globa_circle",
      "unicode": "e736",
      "unicode_decimal": 59190
    },
    {
      "icon_id": "17748394",
      "name": "ic_portfolio_rich",
      "font_class": "ic_portfolio_rich",
      "unicode": "e72d",
      "unicode_decimal": 59181
    },
    {
      "icon_id": "17748352",
      "name": "ic_news_pictures and text2",
      "font_class": "ic_news_picturesandtext2",
      "unicode": "e732",
      "unicode_decimal": 59186
    },
    {
      "icon_id": "17748353",
      "name": "ic_news_pictures and text",
      "font_class": "ic_news_picturesandtext",
      "unicode": "e733",
      "unicode_decimal": 59187
    },
    {
      "icon_id": "17747518",
      "name": "ic_stock_introduction",
      "font_class": "ic_stock_introduction",
      "unicode": "e729",
      "unicode_decimal": 59177
    },
    {
      "icon_id": "17747494",
      "name": "ic_stock_non_low",
      "font_class": "ic_stock_non_low",
      "unicode": "e727",
      "unicode_decimal": 59175
    },
    {
      "icon_id": "17744290",
      "name": "ic_globa_menu2",
      "font_class": "ic_globa_menu2",
      "unicode": "e735",
      "unicode_decimal": 59189
    },
    {
      "icon_id": "17742510",
      "name": "ic_news_title2",
      "font_class": "ic_news_title2",
      "unicode": "e734",
      "unicode_decimal": 59188
    },
    {
      "icon_id": "17742411",
      "name": "ic_news_title",
      "font_class": "ic_news_title",
      "unicode": "e731",
      "unicode_decimal": 59185
    },
    {
      "icon_id": "17730339",
      "name": "tag_default watchlist_fund",
      "font_class": "tag_defaultwatchlist_fund",
      "unicode": "e72f",
      "unicode_decimal": 59183
    },
    {
      "icon_id": "17712656",
      "name": "ic_notice_warning",
      "font_class": "ic_notice_warning",
      "unicode": "e72e",
      "unicode_decimal": 59182
    },
    {
      "icon_id": "17692056",
      "name": "ic_global_top",
      "font_class": "ic_global_top",
      "unicode": "e72c",
      "unicode_decimal": 59180
    },
    {
      "icon_id": "17683977",
      "name": "ic_global_hook",
      "font_class": "ic_global_hook",
      "unicode": "e72b",
      "unicode_decimal": 59179
    },
    {
      "icon_id": "17608319",
      "name": "ic_stock_heart_less",
      "font_class": "ic_stock_heart_less",
      "unicode": "e72a",
      "unicode_decimal": 59178
    },
    {
      "icon_id": "17579174",
      "name": "ic_global_down2",
      "font_class": "ic_global_down21",
      "unicode": "e632",
      "unicode_decimal": 58930
    },
    {
      "icon_id": "17579175",
      "name": "ic_global_up2",
      "font_class": "ic_global_up21",
      "unicode": "e633",
      "unicode_decimal": 58931
    },
    {
      "icon_id": "17558143",
      "name": "ic_stock_trend",
      "font_class": "ic_stock_trend",
      "unicode": "e728",
      "unicode_decimal": 59176
    },
    {
      "icon_id": "17542115",
      "name": "ic_global_property",
      "font_class": "ic_global_property",
      "unicode": "e631",
      "unicode_decimal": 58929
    },
    {
      "icon_id": "17507035",
      "name": "ic_comment_follow",
      "font_class": "ic_comment_follow",
      "unicode": "e726",
      "unicode_decimal": 59174
    },
    {
      "icon_id": "17476769",
      "name": "ic_comment_writing",
      "font_class": "ic_comment_writing",
      "unicode": "e725",
      "unicode_decimal": 59173
    },
    {
      "icon_id": "17475439",
      "name": "ic_comment_body",
      "font_class": "ic_comment_body",
      "unicode": "e724",
      "unicode_decimal": 59172
    },
    {
      "icon_id": "17474070",
      "name": "ic_comment_like2",
      "font_class": "ic_comment_like2",
      "unicode": "e723",
      "unicode_decimal": 59171
    },
    {
      "icon_id": "17394977",
      "name": "ic_calign right",
      "font_class": "ic_calignright",
      "unicode": "e714",
      "unicode_decimal": 59156
    },
    {
      "icon_id": "17377514",
      "name": "ic_global_triangle2",
      "font_class": "ic_global_triangle2",
      "unicode": "e721",
      "unicode_decimal": 59169
    },
    {
      "icon_id": "17377515",
      "name": "ic_global_triangle1",
      "font_class": "ic_global_triangle1",
      "unicode": "e722",
      "unicode_decimal": 59170
    },
    {
      "icon_id": "17347322",
      "name": "ic_comment_align center",
      "font_class": "ic_comment_aligncenter",
      "unicode": "e715",
      "unicode_decimal": 59157
    },
    {
      "icon_id": "17347323",
      "name": "ic_comment_h2",
      "font_class": "ic_comment_h2",
      "unicode": "e716",
      "unicode_decimal": 59158
    },
    {
      "icon_id": "17347324",
      "name": "ic_comment_h1",
      "font_class": "ic_comment_h1",
      "unicode": "e717",
      "unicode_decimal": 59159
    },
    {
      "icon_id": "17347325",
      "name": "ic_comment_keyboard",
      "font_class": "ic_comment_keyboard",
      "unicode": "e718",
      "unicode_decimal": 59160
    },
    {
      "icon_id": "17347326",
      "name": "ic_comment_shrink left",
      "font_class": "ic_comment_shrinkleft",
      "unicode": "e719",
      "unicode_decimal": 59161
    },
    {
      "icon_id": "17347327",
      "name": "ic_comment_h3",
      "font_class": "ic_comment_h3",
      "unicode": "e71a",
      "unicode_decimal": 59162
    },
    {
      "icon_id": "17347328",
      "name": "ic_comment_quote",
      "font_class": "ic_comment_quote",
      "unicode": "e71b",
      "unicode_decimal": 59163
    },
    {
      "icon_id": "17347329",
      "name": "ic_comment_sorted list",
      "font_class": "ic_comment_sortedlist",
      "unicode": "e71c",
      "unicode_decimal": 59164
    },
    {
      "icon_id": "17347330",
      "name": "ic_comment_unordered list",
      "font_class": "ic_comment_unorderedlist",
      "unicode": "e71d",
      "unicode_decimal": 59165
    },
    {
      "icon_id": "17347331",
      "name": "ic_comment_shrink right",
      "font_class": "ic_comment_shrinkright",
      "unicode": "e71e",
      "unicode_decimal": 59166
    },
    {
      "icon_id": "17347332",
      "name": "ic_comment_h4",
      "font_class": "ic_comment_h4",
      "unicode": "e71f",
      "unicode_decimal": 59167
    },
    {
      "icon_id": "17347333",
      "name": "ic_comment_bold",
      "font_class": "ic_comment_bold",
      "unicode": "e720",
      "unicode_decimal": 59168
    },
    {
      "icon_id": "17347320",
      "name": "ic_comment_align left",
      "font_class": "ic_comment_alignleft",
      "unicode": "e713",
      "unicode_decimal": 59155
    },
    {
      "icon_id": "17291998",
      "name": "ic_comment_next",
      "font_class": "ic_comment_next",
      "unicode": "e709",
      "unicode_decimal": 59145
    },
    {
      "icon_id": "17291999",
      "name": "ic_comment_previous",
      "font_class": "ic_comment_previous",
      "unicode": "e70a",
      "unicode_decimal": 59146
    },
    {
      "icon_id": "17292000",
      "name": "ic_comment_hyperlink",
      "font_class": "ic_comment_hyperlink",
      "unicode": "e70b",
      "unicode_decimal": 59147
    },
    {
      "icon_id": "17292001",
      "name": "ic_comment_down4",
      "font_class": "ic_comment_down4",
      "unicode": "e70c",
      "unicode_decimal": 59148
    },
    {
      "icon_id": "17292002",
      "name": "ic_comment_write",
      "font_class": "ic_comment_write",
      "unicode": "e70d",
      "unicode_decimal": 59149
    },
    {
      "icon_id": "17292003",
      "name": "ic_format",
      "font_class": "ic_format",
      "unicode": "e70e",
      "unicode_decimal": 59150
    },
    {
      "icon_id": "17292005",
      "name": "ic_comment_text",
      "font_class": "ic_comment_text",
      "unicode": "e710",
      "unicode_decimal": 59152
    },
    {
      "icon_id": "17292006",
      "name": "ic_comment_url",
      "font_class": "ic_comment_url",
      "unicode": "e711",
      "unicode_decimal": 59153
    },
    {
      "icon_id": "17292007",
      "name": "ic_comment_up4",
      "font_class": "ic_comment_up4",
      "unicode": "e712",
      "unicode_decimal": 59154
    },
    {
      "icon_id": "17288725",
      "name": "ic_global_mutual",
      "font_class": "ic_global_mutual",
      "unicode": "e706",
      "unicode_decimal": 59142
    },
    {
      "icon_id": "17288726",
      "name": "ic_stock_switch_a",
      "font_class": "ic_stock_switch_a",
      "unicode": "e707",
      "unicode_decimal": 59143
    },
    {
      "icon_id": "17288727",
      "name": "ic_stock_switch_b",
      "font_class": "ic_stock_switch_b",
      "unicode": "e708",
      "unicode_decimal": 59144
    },
    {
      "icon_id": "17273374",
      "name": "ic_stock_filter",
      "font_class": "ic_stock_filter",
      "unicode": "e705",
      "unicode_decimal": 59141
    },
    {
      "icon_id": "17273213",
      "name": "ic_me_help and Customer Serivce",
      "font_class": "ic_me_helpandcustomerserivce",
      "unicode": "e6f9",
      "unicode_decimal": 59129
    },
    {
      "icon_id": "16606834",
      "name": "tag_default watchlist_US",
      "font_class": "tag_defaultwatchlist_US",
      "unicode": "e630",
      "unicode_decimal": 58928
    },
    {
      "icon_id": "17267016",
      "name": "tag_market_NA_light",
      "font_class": "tag_market_NA_light",
      "unicode": "e701",
      "unicode_decimal": 59137
    },
    {
      "icon_id": "17267017",
      "name": "tag_market_DE",
      "font_class": "tag_market_DE",
      "unicode": "e702",
      "unicode_decimal": 59138
    },
    {
      "icon_id": "17267018",
      "name": "tag_market_NA_dark",
      "font_class": "tag_market_NA_dark",
      "unicode": "e703",
      "unicode_decimal": 59139
    },
    {
      "icon_id": "17267037",
      "name": "tag_default watchlist_DE",
      "font_class": "tag_defaultwatchlist_DE",
      "unicode": "e704",
      "unicode_decimal": 59140
    },
    {
      "icon_id": "17264157",
      "name": "ic_community_company",
      "font_class": "ic_community_company",
      "unicode": "e684",
      "unicode_decimal": 59012
    },
    {
      "icon_id": "17264158",
      "name": "ic_community_holdings",
      "font_class": "ic_community_holdings",
      "unicode": "e685",
      "unicode_decimal": 59013
    },
    {
      "icon_id": "17264159",
      "name": "ic_community_comment",
      "font_class": "ic_community_comment",
      "unicode": "e686",
      "unicode_decimal": 59014
    },
    {
      "icon_id": "17264160",
      "name": "ic_community_list",
      "font_class": "ic_community_list",
      "unicode": "e687",
      "unicode_decimal": 59015
    },
    {
      "icon_id": "17264161",
      "name": "ic_community_image",
      "font_class": "ic_community_image",
      "unicode": "e688",
      "unicode_decimal": 59016
    },
    {
      "icon_id": "17264162",
      "name": "ic_community_like",
      "font_class": "ic_community_like",
      "unicode": "e689",
      "unicode_decimal": 59017
    },
    {
      "icon_id": "17264163",
      "name": "ic_community_stock",
      "font_class": "ic_community_stock",
      "unicode": "e68a",
      "unicode_decimal": 59018
    },
    {
      "icon_id": "17264165",
      "name": "ic_global_down2",
      "font_class": "ic_global_down2",
      "unicode": "e68c",
      "unicode_decimal": 59020
    },
    {
      "icon_id": "17264166",
      "name": "ic_global_close1",
      "font_class": "ic_global_close1",
      "unicode": "e68d",
      "unicode_decimal": 59021
    },
    {
      "icon_id": "17264167",
      "name": "ic_global_legt2",
      "font_class": "ic_global_legt2",
      "unicode": "e68e",
      "unicode_decimal": 59022
    },
    {
      "icon_id": "17264168",
      "name": "ic_global_down1",
      "font_class": "ic_global_down1",
      "unicode": "e68f",
      "unicode_decimal": 59023
    },
    {
      "icon_id": "17264169",
      "name": "ic_global_edit",
      "font_class": "ic_global_edit",
      "unicode": "e690",
      "unicode_decimal": 59024
    },
    {
      "icon_id": "17264170",
      "name": "ic_global_left1",
      "font_class": "ic_global_left1",
      "unicode": "e691",
      "unicode_decimal": 59025
    },
    {
      "icon_id": "17264171",
      "name": "ic_global_minus2",
      "font_class": "ic_global_minus2",
      "unicode": "e692",
      "unicode_decimal": 59026
    },
    {
      "icon_id": "17264172",
      "name": "ic_global_minus1",
      "font_class": "ic_global_minus1",
      "unicode": "e693",
      "unicode_decimal": 59027
    },
    {
      "icon_id": "17264173",
      "name": "ic_global_lock",
      "font_class": "ic_global_lock",
      "unicode": "e694",
      "unicode_decimal": 59028
    },
    {
      "icon_id": "17264174",
      "name": "ic_global_reload",
      "font_class": "ic_global_reload",
      "unicode": "e695",
      "unicode_decimal": 59029
    },
    {
      "icon_id": "17264175",
      "name": "ic_global_more",
      "font_class": "ic_global_more",
      "unicode": "e696",
      "unicode_decimal": 59030
    },
    {
      "icon_id": "17264176",
      "name": "ic_global_plus2",
      "font_class": "ic_global_plus2",
      "unicode": "e697",
      "unicode_decimal": 59031
    },
    {
      "icon_id": "17264177",
      "name": "ic_global_copy",
      "font_class": "ic_global_copy",
      "unicode": "e698",
      "unicode_decimal": 59032
    },
    {
      "icon_id": "17264178",
      "name": "ic_community_article",
      "font_class": "ic_community_article",
      "unicode": "e699",
      "unicode_decimal": 59033
    },
    {
      "icon_id": "17264179",
      "name": "ic_global_copy1",
      "font_class": "ic_global_copy1",
      "unicode": "e69a",
      "unicode_decimal": 59034
    },
    {
      "icon_id": "17264180",
      "name": "ic_global_setting",
      "font_class": "ic_global_setting",
      "unicode": "e69b",
      "unicode_decimal": 59035
    },
    {
      "icon_id": "17264181",
      "name": "ic_global_up2",
      "font_class": "ic_global_up2",
      "unicode": "e69c",
      "unicode_decimal": 59036
    },
    {
      "icon_id": "17264182",
      "name": "ic_global_menu",
      "font_class": "ic_global_menu",
      "unicode": "e69d",
      "unicode_decimal": 59037
    },
    {
      "icon_id": "17264183",
      "name": "ic_global_search",
      "font_class": "ic_global_search",
      "unicode": "e69e",
      "unicode_decimal": 59038
    },
    {
      "icon_id": "17264184",
      "name": "ic_global_up1",
      "font_class": "ic_global_up1",
      "unicode": "e69f",
      "unicode_decimal": 59039
    },
    {
      "icon_id": "17264185",
      "name": "ic_me_invite friends",
      "font_class": "ic_me_invitefriends",
      "unicode": "e6a0",
      "unicode_decimal": 59040
    },
    {
      "icon_id": "17264186",
      "name": "ic_me_enterprise welfare zone",
      "font_class": "ic_me_enterprisewelfarezone",
      "unicode": "e6a1",
      "unicode_decimal": 59041
    },
    {
      "icon_id": "17264187",
      "name": "ic_global_info",
      "font_class": "ic_global_info",
      "unicode": "e6a2",
      "unicode_decimal": 59042
    },
    {
      "icon_id": "17264188",
      "name": "ic_global_right1",
      "font_class": "ic_global_right1",
      "unicode": "e6a3",
      "unicode_decimal": 59043
    },
    {
      "icon_id": "17264189",
      "name": "ic_me_activities",
      "font_class": "ic_me_activities",
      "unicode": "e6a4",
      "unicode_decimal": 59044
    },
    {
      "icon_id": "17264190",
      "name": "ic_me_read all",
      "font_class": "ic_me_readall",
      "unicode": "e6a5",
      "unicode_decimal": 59045
    },
    {
      "icon_id": "17264191",
      "name": "ic_me_my stock quotes level",
      "font_class": "ic_me_mystockquoteslevel",
      "unicode": "e6a6",
      "unicode_decimal": 59046
    },
    {
      "icon_id": "17264192",
      "name": "ic_news_close3",
      "font_class": "ic_news_close3",
      "unicode": "e6a7",
      "unicode_decimal": 59047
    },
    {
      "icon_id": "17264193",
      "name": "ic_global_time",
      "font_class": "ic_global_time",
      "unicode": "e6a8",
      "unicode_decimal": 59048
    },
    {
      "icon_id": "17264194",
      "name": "ic_global_right2",
      "font_class": "ic_global_right2",
      "unicode": "e6a9",
      "unicode_decimal": 59049
    },
    {
      "icon_id": "17264195",
      "name": "ic_news_broadcasting",
      "font_class": "ic_news_broadcasting",
      "unicode": "e6aa",
      "unicode_decimal": 59050
    },
    {
      "icon_id": "17264196",
      "name": "ic_global_sync",
      "font_class": "ic_global_sync",
      "unicode": "e6ab",
      "unicode_decimal": 59051
    },
    {
      "icon_id": "17264197",
      "name": "ic_me_notification center",
      "font_class": "ic_me_notificationcenter",
      "unicode": "e6ac",
      "unicode_decimal": 59052
    },
    {
      "icon_id": "17264198",
      "name": "ic_news_previous",
      "font_class": "ic_news_previous",
      "unicode": "e6ad",
      "unicode_decimal": 59053
    },
    {
      "icon_id": "17264199",
      "name": "ic_news_play_title1",
      "font_class": "ic_news_play_title1",
      "unicode": "e6ae",
      "unicode_decimal": 59054
    },
    {
      "icon_id": "17264200",
      "name": "ic_me_my rate",
      "font_class": "ic_me_myrate",
      "unicode": "e6af",
      "unicode_decimal": 59055
    },
    {
      "icon_id": "17264201",
      "name": "ic_me_rewards center",
      "font_class": "ic_me_rewardscenter",
      "unicode": "e6b0",
      "unicode_decimal": 59056
    },
    {
      "icon_id": "17264202",
      "name": "ic_me_dedicated account manager",
      "font_class": "ic_me_dedicatedaccountmanager",
      "unicode": "e6b1",
      "unicode_decimal": 59057
    },
    {
      "icon_id": "17264203",
      "name": "ic_news_next_full",
      "font_class": "ic_news_next_full",
      "unicode": "e6b2",
      "unicode_decimal": 59058
    },
    {
      "icon_id": "17264204",
      "name": "ic_news_play_full",
      "font_class": "ic_news_play_full",
      "unicode": "e6b3",
      "unicode_decimal": 59059
    },
    {
      "icon_id": "17264205",
      "name": "ic_news_pause_full",
      "font_class": "ic_news_pause_full",
      "unicode": "e6b4",
      "unicode_decimal": 59060
    },
    {
      "icon_id": "17264206",
      "name": "ic_news_play_title2",
      "font_class": "ic_news_play_title2",
      "unicode": "e6b5",
      "unicode_decimal": 59061
    },
    {
      "icon_id": "17264208",
      "name": "ic_news_theme",
      "font_class": "ic_news_theme",
      "unicode": "e6b7",
      "unicode_decimal": 59063
    },
    {
      "icon_id": "17264209",
      "name": "ic_global_plus1",
      "font_class": "ic_global_plus1",
      "unicode": "e6b8",
      "unicode_decimal": 59064
    },
    {
      "icon_id": "17264210",
      "name": "ic_global_delete",
      "font_class": "ic_global_delete",
      "unicode": "e6b9",
      "unicode_decimal": 59065
    },
    {
      "icon_id": "17264211",
      "name": "ic_notice_calendar_added",
      "font_class": "ic_notice_calendar_added",
      "unicode": "e6ba",
      "unicode_decimal": 59066
    },
    {
      "icon_id": "17264212",
      "name": "ic_notice_check",
      "font_class": "ic_notice_check",
      "unicode": "e6bb",
      "unicode_decimal": 59067
    },
    {
      "icon_id": "17264213",
      "name": "ic_notice_down3",
      "font_class": "ic_notice_down3",
      "unicode": "e6bc",
      "unicode_decimal": 59068
    },
    {
      "icon_id": "17264214",
      "name": "ic_notice_error2",
      "font_class": "ic_notice_error2",
      "unicode": "e6bd",
      "unicode_decimal": 59069
    },
    {
      "icon_id": "17264215",
      "name": "ic_me_scanning",
      "font_class": "ic_me_scanning",
      "unicode": "e6be",
      "unicode_decimal": 59070
    },
    {
      "icon_id": "17264216",
      "name": "ic_notice_calendar",
      "font_class": "ic_notice_calendar",
      "unicode": "e6bf",
      "unicode_decimal": 59071
    },
    {
      "icon_id": "17264217",
      "name": "ic_notice_calendar_add",
      "font_class": "ic_notice_calendar_add",
      "unicode": "e6c0",
      "unicode_decimal": 59072
    },
    {
      "icon_id": "17264218",
      "name": "ic_notice_failure",
      "font_class": "ic_notice_failure",
      "unicode": "e6c1",
      "unicode_decimal": 59073
    },
    {
      "icon_id": "17264219",
      "name": "ic_news_translation1",
      "font_class": "ic_news_translation1",
      "unicode": "e6c2",
      "unicode_decimal": 59074
    },
    {
      "icon_id": "17264220",
      "name": "ic_notice_report",
      "font_class": "ic_notice_report",
      "unicode": "e6c3",
      "unicode_decimal": 59075
    },
    {
      "icon_id": "17264221",
      "name": "ic_notice_network",
      "font_class": "ic_notice_network",
      "unicode": "e6c4",
      "unicode_decimal": 59076
    },
    {
      "icon_id": "17264222",
      "name": "ic_notice_error",
      "font_class": "ic_notice_error",
      "unicode": "e6c5",
      "unicode_decimal": 59077
    },
    {
      "icon_id": "17264223",
      "name": "ic_news_translation2",
      "font_class": "ic_news_translation2",
      "unicode": "e6c6",
      "unicode_decimal": 59078
    },
    {
      "icon_id": "17264224",
      "name": "ic_portfolio_buy",
      "font_class": "ic_portfolio_buy",
      "unicode": "e6c7",
      "unicode_decimal": 59079
    },
    {
      "icon_id": "17264225",
      "name": "ic_notice_quotes",
      "font_class": "ic_notice_quotes",
      "unicode": "e6c8",
      "unicode_decimal": 59080
    },
    {
      "icon_id": "17264226",
      "name": "ic_portfolio_aim",
      "font_class": "ic_portfolio_aim",
      "unicode": "e6c9",
      "unicode_decimal": 59081
    },
    {
      "icon_id": "17264227",
      "name": "ic_news_voice broadcast",
      "font_class": "ic_news_voicebroadcast",
      "unicode": "e6ca",
      "unicode_decimal": 59082
    },
    {
      "icon_id": "17264228",
      "name": "ic_portfolio_conversion",
      "font_class": "ic_portfolio_conversion",
      "unicode": "e6cb",
      "unicode_decimal": 59083
    },
    {
      "icon_id": "17264229",
      "name": "ic_portfolio_deposit",
      "font_class": "ic_portfolio_deposit",
      "unicode": "e6cc",
      "unicode_decimal": 59084
    },
    {
      "icon_id": "17264230",
      "name": "ic_notice_news",
      "font_class": "ic_notice_news",
      "unicode": "e6cd",
      "unicode_decimal": 59085
    },
    {
      "icon_id": "17264231",
      "name": "ic_portfolio_eyes_open",
      "font_class": "ic_portfolio_eyes_open",
      "unicode": "e6ce",
      "unicode_decimal": 59086
    },
    {
      "icon_id": "17264232",
      "name": "ic_notice_up3",
      "font_class": "ic_notice_up3",
      "unicode": "e6cf",
      "unicode_decimal": 59087
    },
    {
      "icon_id": "17264233",
      "name": "ic_portfolio_condition",
      "font_class": "ic_portfolio_condition",
      "unicode": "e6d0",
      "unicode_decimal": 59088
    },
    {
      "icon_id": "17264234",
      "name": "ic_portfolio_bank cards",
      "font_class": "ic_portfolio_bankcards",
      "unicode": "e6d1",
      "unicode_decimal": 59089
    },
    {
      "icon_id": "17264235",
      "name": "ic_portfolio_eyes_closed",
      "font_class": "ic_portfolio_eyes_closed",
      "unicode": "e6d2",
      "unicode_decimal": 59090
    },
    {
      "icon_id": "17264236",
      "name": "ic_portfolio_cash",
      "font_class": "ic_portfolio_cash",
      "unicode": "e6d3",
      "unicode_decimal": 59091
    },
    {
      "icon_id": "17264237",
      "name": "ic_portfolio_order tracking",
      "font_class": "ic_portfolio_ordertracking",
      "unicode": "e6d4",
      "unicode_decimal": 59092
    },
    {
      "icon_id": "17264238",
      "name": "ic_notice_new",
      "font_class": "ic_notice_new",
      "unicode": "e6d5",
      "unicode_decimal": 59093
    },
    {
      "icon_id": "17264239",
      "name": "ic_portfolio_past orders",
      "font_class": "ic_portfolio_pastorders",
      "unicode": "e6d6",
      "unicode_decimal": 59094
    },
    {
      "icon_id": "17264240",
      "name": "ic_portfolio_profit and loss",
      "font_class": "ic_portfolio_profitandloss",
      "unicode": "e6d7",
      "unicode_decimal": 59095
    },
    {
      "icon_id": "17264241",
      "name": "ic_portfolio_trade",
      "font_class": "ic_portfolio_trade",
      "unicode": "e6d8",
      "unicode_decimal": 59096
    },
    {
      "icon_id": "17264242",
      "name": "ic_portfolio_e-statement",
      "font_class": "ic_portfolio_e-statement",
      "unicode": "e6d9",
      "unicode_decimal": 59097
    },
    {
      "icon_id": "17264243",
      "name": "ic_portfolio_order",
      "font_class": "ic_portfolio_order",
      "unicode": "e6da",
      "unicode_decimal": 59098
    },
    {
      "icon_id": "17264244",
      "name": "ic_portfolio_transaction record",
      "font_class": "ic_portfolio_transactionrecord",
      "unicode": "e6db",
      "unicode_decimal": 59099
    },
    {
      "icon_id": "17264245",
      "name": "ic_portfolio_transaction history",
      "font_class": "ic_portfolio_transactionhistory",
      "unicode": "e6dc",
      "unicode_decimal": 59100
    },
    {
      "icon_id": "17264246",
      "name": "ic_portfolio_stock holdings",
      "font_class": "ic_portfolio_stockholdings",
      "unicode": "e6dd",
      "unicode_decimal": 59101
    },
    {
      "icon_id": "17264247",
      "name": "ic_portfolio_dividends",
      "font_class": "ic_portfolio_dividends",
      "unicode": "e6de",
      "unicode_decimal": 59102
    },
    {
      "icon_id": "17264248",
      "name": "ic_portfolio_transfer",
      "font_class": "ic_portfolio_transfer",
      "unicode": "e6df",
      "unicode_decimal": 59103
    },
    {
      "icon_id": "17264249",
      "name": "ic_portfolio_withdrawal",
      "font_class": "ic_portfolio_withdrawal",
      "unicode": "e6e0",
      "unicode_decimal": 59104
    },
    {
      "icon_id": "17264250",
      "name": "ic_share_dinding_fill",
      "font_class": "ic_share_dinding_fill",
      "unicode": "e6e1",
      "unicode_decimal": 59105
    },
    {
      "icon_id": "17264251",
      "name": "ic_share_download2",
      "font_class": "ic_share_download2",
      "unicode": "e6e2",
      "unicode_decimal": 59106
    },
    {
      "icon_id": "17264252",
      "name": "ic_share_download1",
      "font_class": "ic_share_download1",
      "unicode": "e6e3",
      "unicode_decimal": 59107
    },
    {
      "icon_id": "17264253",
      "name": "ic_portfolio_sell",
      "font_class": "ic_portfolio_sell",
      "unicode": "e6e4",
      "unicode_decimal": 59108
    },
    {
      "icon_id": "17264254",
      "name": "ic_share_link",
      "font_class": "ic_share_link",
      "unicode": "e6e5",
      "unicode_decimal": 59109
    },
    {
      "icon_id": "17264255",
      "name": "ic_share_forward",
      "font_class": "ic_share_forward",
      "unicode": "e6e6",
      "unicode_decimal": 59110
    },
    {
      "icon_id": "17264256",
      "name": "ic_share_weibo_fill",
      "font_class": "ic_share_weibo_fill",
      "unicode": "e6e7",
      "unicode_decimal": 59111
    },
    {
      "icon_id": "17264257",
      "name": "ic_share_moments_fill",
      "font_class": "ic_share_moments_fill",
      "unicode": "e6e8",
      "unicode_decimal": 59112
    },
    {
      "icon_id": "17264258",
      "name": "ic_share_twitter",
      "font_class": "ic_share_twitter",
      "unicode": "e6e9",
      "unicode_decimal": 59113
    },
    {
      "icon_id": "17264259",
      "name": "ic_share_browser",
      "font_class": "ic_share_browser",
      "unicode": "e6ea",
      "unicode_decimal": 59114
    },
    {
      "icon_id": "17264260",
      "name": "ic_portfolio_unit trust",
      "font_class": "ic_portfolio_unittrust",
      "unicode": "e6eb",
      "unicode_decimal": 59115
    },
    {
      "icon_id": "17264261",
      "name": "ic_share_qq",
      "font_class": "ic_share_qq",
      "unicode": "e6ec",
      "unicode_decimal": 59116
    },
    {
      "icon_id": "17264262",
      "name": "ic_share_qr code",
      "font_class": "ic_share_qrcode",
      "unicode": "e6ed",
      "unicode_decimal": 59117
    },
    {
      "icon_id": "17264263",
      "name": "ic_share2",
      "font_class": "ic_share2",
      "unicode": "e6ee",
      "unicode_decimal": 59118
    },
    {
      "icon_id": "17264264",
      "name": "ic_share1",
      "font_class": "ic_share1",
      "unicode": "e6ef",
      "unicode_decimal": 59119
    },
    {
      "icon_id": "17264265",
      "name": "ic_stock_bell",
      "font_class": "ic_stock_bell",
      "unicode": "e6f0",
      "unicode_decimal": 59120
    },
    {
      "icon_id": "17264266",
      "name": "ic_share3",
      "font_class": "ic_share3",
      "unicode": "e6f1",
      "unicode_decimal": 59121
    },
    {
      "icon_id": "17264267",
      "name": "ic_stock_heart_full",
      "font_class": "ic_stock_heart_full",
      "unicode": "e6f2",
      "unicode_decimal": 59122
    },
    {
      "icon_id": "17264268",
      "name": "ic_stock_ticker",
      "font_class": "ic_stock_ticker",
      "unicode": "e6f3",
      "unicode_decimal": 59123
    },
    {
      "icon_id": "17264269",
      "name": "ic_stock_condition setting",
      "font_class": "ic_stock_conditionsetting",
      "unicode": "e6f4",
      "unicode_decimal": 59124
    },
    {
      "icon_id": "17264270",
      "name": "ic_stock_chart settings",
      "font_class": "ic_stock_chartsettings",
      "unicode": "e6f5",
      "unicode_decimal": 59125
    },
    {
      "icon_id": "17264271",
      "name": "ic_stock_transaction",
      "font_class": "ic_stock_transaction",
      "unicode": "e6f6",
      "unicode_decimal": 59126
    },
    {
      "icon_id": "17264272",
      "name": "ic_stock_heart_add",
      "font_class": "ic_stock_heart_add",
      "unicode": "e6f7",
      "unicode_decimal": 59127
    },
    {
      "icon_id": "17264273",
      "name": "ic_stock_heart",
      "font_class": "ic_stock_heart",
      "unicode": "e6f8",
      "unicode_decimal": 59128
    },
    {
      "icon_id": "17264275",
      "name": "ic_share_wechat_fill",
      "font_class": "ic_share_wechat_fill",
      "unicode": "e6fa",
      "unicode_decimal": 59130
    },
    {
      "icon_id": "16475313",
      "name": "tag_default watchlist_CN",
      "font_class": "tag_defaultwatchlist_CN",
      "unicode": "e616",
      "unicode_decimal": 58902
    },
    {
      "icon_id": "16475314",
      "name": "tag_default watchlist_all",
      "font_class": "tag_defaultwatchlist_all",
      "unicode": "e617",
      "unicode_decimal": 58903
    },
    {
      "icon_id": "16475315",
      "name": "tag_default watchlist_holdings",
      "font_class": "tag_defaultwatchlist_holdings",
      "unicode": "e618",
      "unicode_decimal": 58904
    },
    {
      "icon_id": "16475316",
      "name": "tag_default watchlist_AU",
      "font_class": "tag_defaultwatchlist_AU",
      "unicode": "e619",
      "unicode_decimal": 58905
    },
    {
      "icon_id": "16475317",
      "name": "tag_default watchlist_HK",
      "font_class": "tag_defaultwatchlist_HK",
      "unicode": "e61a",
      "unicode_decimal": 58906
    },
    {
      "icon_id": "16475318",
      "name": "tag_default watchlist_JP",
      "font_class": "tag_defaultwatchlist_JP",
      "unicode": "e61b",
      "unicode_decimal": 58907
    },
    {
      "icon_id": "16475320",
      "name": "tag_default watchlist_normal_dark",
      "font_class": "tag_defaultwatchlist_normal_dark",
      "unicode": "e61c",
      "unicode_decimal": 58908
    },
    {
      "icon_id": "16475322",
      "name": "tag_default watchlist_SG",
      "font_class": "tag_defaultwatchlist_SG",
      "unicode": "e61e",
      "unicode_decimal": 58910
    },
    {
      "icon_id": "16475323",
      "name": "tag_default watchlist_normal_light",
      "font_class": "tag_defaultwatchlist_normal_light",
      "unicode": "e61f",
      "unicode_decimal": 58911
    },
    {
      "icon_id": "16475324",
      "name": "tag_default watchlist_UK",
      "font_class": "tag_defaultwatchlist_UK",
      "unicode": "e620",
      "unicode_decimal": 58912
    },
    {
      "icon_id": "16475326",
      "name": "tag_financing_L2",
      "font_class": "tag_financing_L2",
      "unicode": "e621",
      "unicode_decimal": 58913
    },
    {
      "icon_id": "16475327",
      "name": "tag_financing_L1",
      "font_class": "tag_financing_L1",
      "unicode": "e622",
      "unicode_decimal": 58914
    },
    {
      "icon_id": "16475328",
      "name": "tag_market_CN",
      "font_class": "tag_market_CN",
      "unicode": "e623",
      "unicode_decimal": 58915
    },
    {
      "icon_id": "16475329",
      "name": "tag_market_AU",
      "font_class": "tag_market_AU",
      "unicode": "e624",
      "unicode_decimal": 58916
    },
    {
      "icon_id": "16475330",
      "name": "tag_market_HK",
      "font_class": "tag_market_HK",
      "unicode": "e625",
      "unicode_decimal": 58917
    },
    {
      "icon_id": "16475331",
      "name": "tag_market_SG",
      "font_class": "tag_market_SG",
      "unicode": "e626",
      "unicode_decimal": 58918
    },
    {
      "icon_id": "16475332",
      "name": "tag_market_JP",
      "font_class": "tag_market_JP",
      "unicode": "e627",
      "unicode_decimal": 58919
    },
    {
      "icon_id": "16475333",
      "name": "tag_market_UK",
      "font_class": "tag_market_UK",
      "unicode": "e628",
      "unicode_decimal": 58920
    },
    {
      "icon_id": "16475334",
      "name": "tag_market_US",
      "font_class": "tag_market_US",
      "unicode": "e629",
      "unicode_decimal": 58921
    },
    {
      "icon_id": "16475336",
      "name": "tag_quotes_L0",
      "font_class": "tag_quotes_L0",
      "unicode": "e62a",
      "unicode_decimal": 58922
    },
    {
      "icon_id": "16475337",
      "name": "tag_quotes_limit",
      "font_class": "tag_quotes_limit",
      "unicode": "e62b",
      "unicode_decimal": 58923
    },
    {
      "icon_id": "16475338",
      "name": "tag_quotes_L1",
      "font_class": "tag_quotes_L1",
      "unicode": "e62c",
      "unicode_decimal": 58924
    },
    {
      "icon_id": "16475339",
      "name": "tag_quotes_L2",
      "font_class": "tag_quotes_L2",
      "unicode": "e62d",
      "unicode_decimal": 58925
    },
    {
      "icon_id": "16475340",
      "name": "tag_quotes_hkex",
      "font_class": "tag_quotes_hkex",
      "unicode": "e62e",
      "unicode_decimal": 58926
    },
    {
      "icon_id": "16475341",
      "name": "tag_quotes_delay",
      "font_class": "tag_quotes_delay",
      "unicode": "e62f",
      "unicode_decimal": 58927
    }
  ]
}
